catalog_id,category,title,release_date,authors,wiki_url_mmm,download_url_mmm_docman,youtube_longplay_url
EP-001,MMM-Episoden,Episode 001: Geschwisterliebe,2005-03-07,LucasFan,http://wiki.maniac-mansion-mania.de/wiki/Geschwisterliebe,http://www.maniac-mansion-mania.com/index.php?option=com_docman&task=doc_download&gid=5,https://www.youtube.com/watch?v=1Bm9CZWhGv4&list=PLF3YnSazju8E_2kO3nKy7oloZHG80C5l5&index=3
EP-002,MMM-Episoden,Episode 002: Unruhen,2005-03-17,KhrisMUC,http://wiki.maniac-mansion-mania.de/wiki/Unruhen,http://www.maniac-mansion-mania.com/index.php?option=com_docman&task=doc_download&gid=6,https://www.youtube.com/watch?v=NrNbXT_e2Dk&list=PLF3YnSazju8E_2kO3nKy7oloZHG80C5l5&index=6
EP-003,MMM-Episoden,Episode 003: Stubenarrest,2005-03-20,Lak,http://wiki.maniac-mansion-mania.de/wiki/Stubenarrest,http://www.maniac-mansion-mania.com/index.php?option=com_docman&task=doc_download&gid=1,https://www.youtube.com/watch?v=-UzLAN8eNpw&list=PLF3YnSazju8E_2kO3nKy7oloZHG80C5l5&index=9
EP-004,MMM-Episoden,Episode 004: Mimikry der Emotionen,2005-03-25,dasJan,http://wiki.maniac-mansion-mania.de/wiki/Mimikry_der_Emotionen,http://www.maniac-mansion-mania.com/index.php?option=com_docman&task=doc_download&gid=4,https://www.youtube.com/watch?v=c57iSEaS-2Y&list=PLF3YnSazju8E_2kO3nKy7oloZHG80C5l5&index=11
EP-005,MMM-Episoden,Episode 005: Rhythmen zum Reinbeißen,2005-03-29,Gremlin; MarkusD,http://wiki.maniac-mansion-mania.de/wiki/Rhythmen_zum_Reinbei%C3%9Fen,http://www.maniac-mansion-mania.com/index.php?option=com_docman&task=doc_download&gid=7,https://www.youtube.com/watch?v=XgAZ1a0-248&list=PLF3YnSazju8E_2kO3nKy7oloZHG80C5l5&index=13
EP-006,MMM-Episoden,Episode 006: Er is' weg,2005-03-30,Lak,http://wiki.maniac-mansion-mania.de/wiki/Er_is'_weg,http://www.maniac-mansion-mania.com/index.php?option=com_docman&task=doc_download&gid=8,https://www.youtube.com/watch?v=_w8qekelkcY&list=PLF3YnSazju8E_2kO3nKy7oloZHG80C5l5&index=15
EP-007,MMM-Episoden,Episode 007: Right said Fred!?!,2005-03-30,MisterL,http://wiki.maniac-mansion-mania.de/wiki/Right_said_Fred!%3F!,http://www.maniac-mansion-mania.com/index.php?option=com_docman&task=doc_download&gid=9,https://www.youtube.com/watch?v=yotA2j8fPb4&list=PLF3YnSazju8E_2kO3nKy7oloZHG80C5l5&index=16
EP-008,MMM-Episoden,Episode 008: Die Abfuhr,2005-04-01,hansa_export,http://wiki.maniac-mansion-mania.de/wiki/Die_Abfuhr,http://www.maniac-mansion-mania.com/index.php?option=com_docman&task=doc_download&gid=10,https://www.youtube.com/watch?v=bY6g1s8etEE&list=PLF3YnSazju8E_2kO3nKy7oloZHG80C5l5&index=19
EP-009,MMM-Episoden,Episode 009: Radioaktiv,2005-04-03,Rocco,http://wiki.maniac-mansion-mania.de/wiki/Radioactive,http://www.maniac-mansion-mania.com/index.php?option=com_docman&task=doc_download&gid=11,https://www.youtube.com/watch?v=1MtOP40Lb9U&list=PLF3YnSazju8E_2kO3nKy7oloZHG80C5l5&index=22
EP-010,MMM-Episoden,Episode 010: Tales of Weird Ed,2005-04-04,Edison Interactive; Kruttan; MisterL; Bòógieman; dasJan; Rayman,http://wiki.maniac-mansion-mania.de/wiki/Tales_of_the_Weird_Ed,http://www.maniac-mansion-mania.com/index.php?option=com_docman&task=doc_download&gid=12,https://www.youtube.com/watch?v=Ndwb_gc9dFw&list=PLF3YnSazju8E_2kO3nKy7oloZHG80C5l5&index=23
EP-011,MMM-Episoden,Episode 011: Ein haariger Ausflug - Special Edison,2005-04-10,MalleTheRedPhoenix,http://wiki.maniac-mansion-mania.de/wiki/Ein_haariger_Ausflug,http://www.maniac-mansion-mania.com/index.php?option=com_docman&task=doc_download&gid=13,https://www.youtube.com/watch?v=9yo9Uafy-b8&list=PLF3YnSazju8E_2kO3nKy7oloZHG80C5l5&index=26
EP-012,MMM-Episoden,Episode 012: Giga Mansion,,Philipp 'Pippo' Thalmann; Frank 'TheBrain' Beilenhoff,http://wiki.maniac-mansion-mania.de/wiki/GIGA_Mansion,http://www.maniac-mansion-mania.com/index.php?option=com_docman&task=doc_download&gid=14,https://www.youtube.com/watch?v=TgGAA37fnco&list=PLF3YnSazju8E_2kO3nKy7oloZHG80C5l5&index=27
EP-013,MMM-Episoden,Episode 013: Nur geträumt,2005-04-30,ZENSIERT,http://wiki.maniac-mansion-mania.de/wiki/Nur_getr%C3%A4umt,http://www.maniac-mansion-mania.com/index.php?option=com_docman&task=doc_download&gid=15,https://www.youtube.com/watch?v=Bf2yOOFWcro&list=PLF3YnSazju8E_2kO3nKy7oloZHG80C5l5&index=28
EP-014,MMM-Episoden,Episode 014: Ed's Rache für den Hamsterbraten,2005-05-01,Monsum,http://wiki.maniac-mansion-mania.de/wiki/Ed's_Rache_f%C3%BCr_den_Hamsterbraten,http://www.maniac-mansion-mania.com/index.php?option=com_docman&task=doc_download&gid=16,https://www.youtube.com/watch?v=1YgzdT2iDPI&list=PLF3YnSazju8E_2kO3nKy7oloZHG80C5l5&index=29
EP-015,MMM-Episoden,Episode 015: Ortmaschine,2005-05-02,Problem,http://wiki.maniac-mansion-mania.de/wiki/Ortmaschine,http://www.maniac-mansion-mania.com/index.php?option=com_docman&task=doc_download&gid=17,https://www.youtube.com/watch?v=rfIGSbMFO4M&list=PLF3YnSazju8E_2kO3nKy7oloZHG80C5l5&index=30
EP-016,MMM-Episoden,Episode 016: Meteor Family – Die Rückkehr des Meteoriten (Reloaded),2005-05-03,fireorange,http://wiki.maniac-mansion-mania.de/wiki/Meteor_Family,http://www.maniac-mansion-mania.com/index.php?option=com_docman&task=doc_download&gid=18,https://www.youtube.com/watch?v=cOYhHTvc2cs&list=PLF3YnSazju8E_2kO3nKy7oloZHG80C5l5&index=31
EP-017,MMM-Episoden,Episode 017: Das Labor,2005-05-08,TimurY,http://wiki.maniac-mansion-mania.de/wiki/Das_Labor,http://www.maniac-mansion-mania.com/index.php?option=com_docman&task=doc_download&gid=19,https://www.youtube.com/watch?v=yVM8Zl9SyRo&list=PLF3YnSazju8E_2kO3nKy7oloZHG80C5l5&index=32
EP-018,MMM-Episoden,Episode 018: Shit Happens!,2005-05-10,jr,http://wiki.maniac-mansion-mania.de/wiki/Shit_Happens!,http://www.maniac-mansion-mania.com/index.php?option=com_docman&task=doc_download&gid=20,https://www.youtube.com/watch?v=p5pWvh7BhpQ&list=PLF3YnSazju8E_2kO3nKy7oloZHG80C5l5&index=33
EP-019,MMM-Episoden,Episode 019: Das Date,2005-05-29,Chaosbytes,http://wiki.maniac-mansion-mania.de/wiki/Das_Date,http://www.maniac-mansion-mania.com/index.php?option=com_docman&task=doc_download&gid=21,https://www.youtube.com/watch?v=_gZZgPs76RA&list=PLF3YnSazju8E_2kO3nKy7oloZHG80C5l5&index=34
EP-020,MMM-Episoden,Episode 020: Das Date 2,2005-06-09,Chaosbytes,http://wiki.maniac-mansion-mania.de/wiki/Das_Date_2,http://www.maniac-mansion-mania.com/index.php?option=com_docman&task=doc_download&gid=22,https://www.youtube.com/watch?v=JfaKTVkk9b0&list=PLF3YnSazju8E_2kO3nKy7oloZHG80C5l5&index=35
EP-021,MMM-Episoden,Episode 021: Rettet Kanal 13!,2005-06-11,ManiakFreak,http://wiki.maniac-mansion-mania.de/wiki/Rettet_Kanal_13!,http://www.maniac-mansion-mania.com/index.php?option=com_docman&task=doc_download&gid=23,https://www.youtube.com/watch?v=r_mg9sjCSnY&list=PLF3YnSazju8E_2kO3nKy7oloZHG80C5l5&index=38
EP-022,MMM-Episoden,Episode 022: Presserummel,2005-06-15,Tribble,http://wiki.maniac-mansion-mania.de/wiki/Presserummel,http://www.maniac-mansion-mania.com/index.php?option=com_docman&task=doc_download&gid=24,https://www.youtube.com/watch?v=gpDgaJzdnUM&list=PLF3YnSazju8E_2kO3nKy7oloZHG80C5l5&index=39
EP-023,MMM-Episoden,Episode 023: Das verflixte Geschenk,2005-06-20,Agent Cat,http://wiki.maniac-mansion-mania.de/wiki/Das_verflixte_Geschenk,http://www.maniac-mansion-mania.com/index.php?option=com_docman&task=doc_download&gid=25,https://www.youtube.com/watch?v=oU6S0dx1tzk&list=PLF3YnSazju8E_2kO3nKy7oloZHG80C5l5&index=40
EP-024,MMM-Episoden,Episode 024: Time Machine,2005-07-15,Kate,http://wiki.maniac-mansion-mania.de/wiki/Time_Machine,http://www.maniac-mansion-mania.com/index.php?option=com_docman&task=doc_download&gid=26,https://www.youtube.com/watch?v=N26qB0zX5nQ&list=PLF3YnSazju8E_2kO3nKy7oloZHG80C5l5&index=41
EP-025,MMM-Episoden,Episode 025: Bernard stört ( v2.3 ),2005-07-26,Oldtimer,http://wiki.maniac-mansion-mania.de/wiki/Bernard_st%C3%B6rt,http://www.maniac-mansion-mania.com/index.php?option=com_docman&task=doc_download&gid=27,https://www.youtube.com/watch?v=ljQpq7syyF8&list=PLF3YnSazju8E_2kO3nKy7oloZHG80C5l5&index=42
EP-026,MMM-Episoden,Episode 026: Zeitenwende,2005-07-26,Hainet; Jucksalbe,http://wiki.maniac-mansion-mania.de/wiki/Zeitenwende,http://www.maniac-mansion-mania.com/index.php?option=com_docman&task=doc_download&gid=28,https://www.youtube.com/watch?v=4mynWNhdstA&list=PLF3YnSazju8E_2kO3nKy7oloZHG80C5l5&index=43
EP-027,MMM-Episoden,Episode 027: Hamsternator,2005-07-29,Agent Cat,http://wiki.maniac-mansion-mania.de/wiki/Hamsternator,http://www.maniac-mansion-mania.com/index.php?option=com_docman&task=doc_download&gid=29,https://www.youtube.com/watch?v=jVhawLzeh-U&list=PLF3YnSazju8E_2kO3nKy7oloZHG80C5l5&index=44
EP-028,MMM-Episoden,Episode 028: Time Machine II,2005-08-12,Kate,http://wiki.maniac-mansion-mania.de/wiki/Time_Machine_2,http://www.maniac-mansion-mania.com/index.php?option=com_docman&task=doc_download&gid=30,https://www.youtube.com/watch?v=7pThuvyf8qo&list=PLF3YnSazju8E_2kO3nKy7oloZHG80C5l5&index=45
EP-029,MMM-Episoden,Episode 029: Die Flucht des Meteoriten,2005-08-17,fireorange,http://wiki.maniac-mansion-mania.de/wiki/Flucht_des_Meteoriten,http://www.maniac-mansion-mania.com/index.php?option=com_docman&task=doc_download&gid=31,https://www.youtube.com/watch?v=U_m-0IAvJmY&list=PLF3YnSazju8E_2kO3nKy7oloZHG80C5l5&index=46
EP-030,MMM-Episoden,Episode 030: Remembering Zak,2005-08-17,SMASH GAMES,http://wiki.maniac-mansion-mania.de/wiki/Remembering_Zak,http://www.maniac-mansion-mania.com/index.php?option=com_docman&task=doc_download&gid=32,https://www.youtube.com/watch?v=kTx8VC6alIw&list=PLF3YnSazju8E_2kO3nKy7oloZHG80C5l5&index=47
EP-031,MMM-Episoden,Episode 031: Britneys Suche,2005-08-19,Rulaman,http://wiki.maniac-mansion-mania.de/wiki/Britneys_Suche,http://www.maniac-mansion-mania.com/index.php?option=com_docman&task=doc_download&gid=33,https://www.youtube.com/watch?v=3QpPTXwFypE&list=PLF3YnSazju8E_2kO3nKy7oloZHG80C5l5&index=49
EP-032,MMM-Episoden,Episode 032: The Secret of Maniac Mansion,2005-08-20,MisterL,http://wiki.maniac-mansion-mania.de/wiki/The_Secret_of_Maniac_Mansion,http://www.maniac-mansion-mania.com/index.php?option=com_docman&task=doc_download&gid=34,https://www.youtube.com/watch?v=Sxr_CkaFPek&list=PLF3YnSazju8E_2kO3nKy7oloZHG80C5l5&index=51
EP-033,MMM-Episoden,Episode 033: Carry on Smiley!,2005-09-07,MisterL,http://wiki.maniac-mansion-mania.de/wiki/Carry_on_Smiley!,http://www.maniac-mansion-mania.com/index.php?option=com_docman&task=doc_download&gid=35,https://www.youtube.com/watch?v=a-6zWMJJcyM&list=PLF3YnSazju8E_2kO3nKy7oloZHG80C5l5&index=53
EP-034,MMM-Episoden,Episode 034: Helden des Tages,2005-07-23,Edison Interactive; Kruttan; MisterL; Bòógieman; dasJan; Rayman,http://wiki.maniac-mansion-mania.de/wiki/Helden_des_Tages,http://www.maniac-mansion-mania.com/index.php?option=com_docman&task=doc_download&gid=36,https://www.youtube.com/watch?v=uBYrw6VElzw&list=PLF3YnSazju8E_2kO3nKy7oloZHG80C5l5&index=54
EP-035,MMM-Episoden,Episode 035: Weggebeamt,2005-09-26,Dapor,http://wiki.maniac-mansion-mania.de/wiki/Weggebeamt,http://www.maniac-mansion-mania.com/index.php?option=com_docman&task=doc_download&gid=37,https://www.youtube.com/watch?v=IIya2oH-_mE&list=PLF3YnSazju8E_2kO3nKy7oloZHG80C5l5&index=55
EP-036,MMM-Episoden,Episode 036: Der Liebesbrief,2005-10-10,MalleTheRedPhoenix,http://wiki.maniac-mansion-mania.de/wiki/Der_Liebesbrief,http://www.maniac-mansion-mania.com/index.php?option=com_docman&task=doc_download&gid=38,https://www.youtube.com/watch?v=Aev3pjtFi0k&list=PLF3YnSazju8E_2kO3nKy7oloZHG80C5l5&index=56
EP-037,MMM-Episoden,Episode 037: Verabredung mit Dave,2005-12-27,Rulaman,http://wiki.maniac-mansion-mania.de/wiki/Verabredung_mit_Dave,http://www.maniac-mansion-mania.com/index.php?option=com_docman&task=doc_download&gid=39,https://www.youtube.com/watch?v=WNgC8cStxH0&list=PLF3YnSazju8E_2kO3nKy7oloZHG80C5l5&index=57
EP-038,MMM-Episoden,Episode 038: Rescue Mission,2005-12-28,Cone Arex,http://wiki.maniac-mansion-mania.de/wiki/Rescue_Mission,http://www.maniac-mansion-mania.com/index.php?option=com_docman&task=doc_download&gid=40,https://www.youtube.com/watch?v=jVPRiPkZdVs&list=PLF3YnSazju8E_2kO3nKy7oloZHG80C5l5&index=59
EP-039,MMM-Episoden,Episode 039: Erinnerungen,2005-12-31,Lampengeist_M,http://wiki.maniac-mansion-mania.de/wiki/Erinnerungen,http://www.maniac-mansion-mania.com/index.php?option=com_docman&task=doc_download&gid=41,https://www.youtube.com/watch?v=pDJCqhVLigk&list=PLF3YnSazju8E_2kO3nKy7oloZHG80C5l5&index=60
EP-040,MMM-Episoden,Episode 040: Verflixte Türen (Version 2.05),2006-01-08,Rayman,http://wiki.maniac-mansion-mania.de/wiki/Verflixte_T%C3%BCren,http://www.maniac-mansion-mania.com/index.php?option=com_docman&task=doc_download&gid=42,https://www.youtube.com/watch?v=nwaBPDJdsqc&list=PLF3YnSazju8E_2kO3nKy7oloZHG80C5l5&index=62
EP-041,MMM-Episoden,Episode 041: Das neue Jugendschutzgesetz,2006-01-30,Cone Arex,http://wiki.maniac-mansion-mania.de/wiki/Das_neue_Jugendschutzgesetz,http://www.maniac-mansion-mania.com/index.php?option=com_docman&task=doc_download&gid=43,https://www.youtube.com/watch?v=aar2BgoyFJM&list=PLF3YnSazju8E_2kO3nKy7oloZHG80C5l5&index=65
EP-042,MMM-Episoden,Episode 042: Die furchtbaren Pläne des Psycho Bernie,2006-02-20,fireorange,http://wiki.maniac-mansion-mania.de/wiki/Die_furchtbaren_Pl%C3%A4ne_des_Psycho_Bernie,http://www.maniac-mansion-mania.com/index.php?option=com_docman&task=doc_download&gid=44,https://www.youtube.com/watch?v=jNrDPhfjZMk&list=PLF3YnSazju8E_2kO3nKy7oloZHG80C5l5&index=67
EP-043,MMM-Episoden,"Episode 043: Vorsicht, Edna kommt!",2006-03-07,Rayman,"http://wiki.maniac-mansion-mania.de/wiki/Vorsicht,_Edna_kommt!",http://www.maniac-mansion-mania.com/index.php?option=com_docman&task=doc_download&gid=45,https://www.youtube.com/watch?v=3i7hc1r2DTY&list=PLF3YnSazju8E_2kO3nKy7oloZHG80C5l5&index=68
EP-044,MMM-Episoden,Episode 044: Razors großer Auftritt,2006-03-21,Larry Wolf,http://wiki.maniac-mansion-mania.de/wiki/Razors_gro%C3%9Fer_Auftritt,http://www.maniac-mansion-mania.com/index.php?option=com_docman&task=doc_download&gid=46,https://www.youtube.com/watch?v=moRWhRuHasQ&list=PLF3YnSazju8E_2kO3nKy7oloZHG80C5l5&index=69
EP-045,MMM-Episoden,Episode 045: Maniac Monday,2006-04-03,MisterL,http://wiki.maniac-mansion-mania.de/wiki/Maniac_Monday,http://www.maniac-mansion-mania.com/index.php?option=com_docman&task=doc_download&gid=47,https://www.youtube.com/watch?v=VigPB-4wDEg&list=PLF3YnSazju8E_2kO3nKy7oloZHG80C5l5&index=71
EP-046,MMM-Episoden,Episode 046: Verschollen,2006-04-09,Kate,http://wiki.maniac-mansion-mania.de/wiki/Verschollen,http://www.maniac-mansion-mania.com/index.php?option=com_docman&task=doc_download&gid=48,https://www.youtube.com/watch?v=Vjt6TIeTG0E&list=PLF3YnSazju8E_2kO3nKy7oloZHG80C5l5&index=72
EP-047,MMM-Episoden,Episode 047: Maniac Ostern,2006-04-18,Bissiger Witzbold,http://wiki.maniac-mansion-mania.de/wiki/Maniac_Ostern,http://www.maniac-mansion-mania.com/index.php?option=com_docman&task=doc_download&gid=49,https://www.youtube.com/watch?v=50gSvLoJSHQ&list=PLF3YnSazju8E_2kO3nKy7oloZHG80C5l5&index=73
EP-048,MMM-Episoden,Episode 048: Wendy und das Buch des Todes,2006-05-25,fireorange,http://wiki.maniac-mansion-mania.de/wiki/Wendy_und_das_Buch_des_Todes,http://www.maniac-mansion-mania.com/index.php?option=com_docman&task=doc_download&gid=50,https://www.youtube.com/watch?v=-Cs6_JE0tZw&list=PLF3YnSazju8E_2kO3nKy7oloZHG80C5l5&index=74
EP-049,MMM-Episoden,Episode 049: Clouso's Großer Coup,2006-06-05,AdventureMoe,http://wiki.maniac-mansion-mania.de/wiki/Clouso's_Gro%C3%9Fer_Coup,http://www.maniac-mansion-mania.com/index.php?option=com_docman&task=doc_download&gid=51,https://www.youtube.com/watch?v=69K5ZY26ags&list=PLF3YnSazju8E_2kO3nKy7oloZHG80C5l5&index=75
EP-050,MMM-Episoden,Episode 050: Das Date 3,2006-06-26,Tütensuppe,http://wiki.maniac-mansion-mania.de/wiki/Das_Date_3,http://www.maniac-mansion-mania.com/index.php?option=com_docman&task=doc_download&gid=52,https://www.youtube.com/watch?v=Pp5DsZqyZ3Q&list=PLF3YnSazju8E_2kO3nKy7oloZHG80C5l5&index=76
EP-051,MMM-Episoden,Episode 051: Ortmaschine II,2006-07-22,Problem; Floyd,http://wiki.maniac-mansion-mania.de/wiki/Ortmaschine_II,http://www.maniac-mansion-mania.com/index.php?option=com_docman&task=doc_download&gid=53,https://www.youtube.com/watch?v=8vBxSpm_yEk&list=PLF3YnSazju8E_2kO3nKy7oloZHG80C5l5&index=78
EP-052,MMM-Episoden,Episode 052: Ein irrer Tag eines Ronvillers (Version 2.0),2006-07-26,Kaktus,http://wiki.maniac-mansion-mania.de/wiki/Ein_irrer_Tag_eines_Ronvillers,http://www.maniac-mansion-mania.com/index.php?option=com_docman&task=doc_download&gid=189,https://www.youtube.com/watch?v=j-3hvweuYIE&list=PLF3YnSazju8E_2kO3nKy7oloZHG80C5l5&index=80
EP-053,MMM-Episoden,Episode 053: Der Klaus schlägt zurück,2006-08-28,Bòógieman,http://wiki.maniac-mansion-mania.de/wiki/Der_Klaus_schl%C3%A4gt_zur%C3%BCck,http://www.maniac-mansion-mania.com/index.php?option=com_docman&task=doc_download&gid=55,https://www.youtube.com/watch?v=d2uUxDWbsTg&list=PLF3YnSazju8E_2kO3nKy7oloZHG80C5l5&index=81
EP-054,MMM-Episoden,Episode 054: CSI:RONVILLE,2006-09-13,MisterL,http://wiki.maniac-mansion-mania.de/wiki/CSI:Ronville,http://www.maniac-mansion-mania.com/index.php?option=com_docman&task=doc_download&gid=56,https://www.youtube.com/watch?v=lUlV-vdgt_M&list=PLF3YnSazju8E_2kO3nKy7oloZHG80C5l5&index=83
EP-055,MMM-Episoden,Episode 055: Hamsters of the mysterious man: Chapter of dream,2006-11-15,DarthConan,http://wiki.maniac-mansion-mania.de/wiki/Hamsters_of_the_mysterious_man:_Chapter_of_dream,http://www.maniac-mansion-mania.com/index.php?option=com_docman&task=doc_download&gid=57,https://www.youtube.com/watch?v=xdlewa2R9DY&list=PLF3YnSazju8E_2kO3nKy7oloZHG80C5l5&index=84
EP-056,MMM-Episoden,Episode 056: Grotten-Urlaub,2007-01-31,Fatal hoch zwei,http://wiki.maniac-mansion-mania.de/wiki/Grotten-Urlaub,http://www.maniac-mansion-mania.com/index.php?option=com_docman&task=doc_download&gid=58,https://www.youtube.com/watch?v=uZ_Tt03IF14&list=PLF3YnSazju8E_2kO3nKy7oloZHG80C5l5&index=85
EP-057,MMM-Episoden,Episode 057: Der komplizierte Ausflug,2007-03-06,sky09,http://wiki.maniac-mansion-mania.de/wiki/Der_komplizierte_Ausflug,http://www.maniac-mansion-mania.com/index.php?option=com_docman&task=doc_download&gid=92,https://www.youtube.com/watch?v=MvKPeqm0NbQ&list=PLF3YnSazju8E_2kO3nKy7oloZHG80C5l5&index=86
EP-058,MMM-Episoden,Episode 058: The People´s Court,2007-04-01,MisterL,http://wiki.maniac-mansion-mania.de/wiki/The_People's_Court,http://www.maniac-mansion-mania.com/index.php?option=com_docman&task=doc_download&gid=112,https://www.youtube.com/watch?v=6cJWRH7d3zk&list=PLF3YnSazju8E_2kO3nKy7oloZHG80C5l5&index=87
EP-059,MMM-Episoden,Episode 059: Computerliebe,2007-05-21,Gul Loki,http://wiki.maniac-mansion-mania.de/wiki/Computerliebe,http://www.maniac-mansion-mania.com/index.php?option=com_docman&task=doc_download&gid=150,https://www.youtube.com/watch?v=TvEsXI9p5zU&list=PLF3YnSazju8E_2kO3nKy7oloZHG80C5l5&index=88
EP-060,MMM-Episoden,Episode 060: Jahrmarkt der Verdammten,2007-05-30,Rondo,http://wiki.maniac-mansion-mania.de/wiki/Jahrmarkt_der_Verdammten,http://www.maniac-mansion-mania.com/index.php?option=com_docman&task=doc_download&gid=151,https://www.youtube.com/watch?v=AR1XvDsUG9I&list=PLF3YnSazju8E_2kO3nKy7oloZHG80C5l5&index=89
EP-061,MMM-Episoden,Episode 061: Bernards Room,2007-06-30,KhrisMUC,http://wiki.maniac-mansion-mania.de/wiki/Bernards_Room,http://www.maniac-mansion-mania.com/index.php?option=com_docman&task=doc_download&gid=157,https://www.youtube.com/watch?v=KN_vPKNQHl8&list=PLF3YnSazju8E_2kO3nKy7oloZHG80C5l5&index=91
EP-062,MMM-Episoden,Episode 062: Bernard gegen Berthold,2007-07-24,JPS,http://wiki.maniac-mansion-mania.de/wiki/Bernard_gegen_Berthold,http://www.maniac-mansion-mania.com/index.php?option=com_docman&task=doc_download&gid=163,https://www.youtube.com/watch?v=90fLYudrua0&list=PLF3YnSazju8E_2kO3nKy7oloZHG80C5l5&index=93
EP-063,MMM-Episoden,Episode 063: Books - Deals unter Nachbarn,2007-08-01,Link2005,http://wiki.maniac-mansion-mania.de/wiki/Books-Deals_unter_Nachbarn,http://www.maniac-mansion-mania.com/index.php?option=com_docman&task=doc_download&gid=164,https://www.youtube.com/watch?v=r5ffpXRu1Ok&list=PLF3YnSazju8E_2kO3nKy7oloZHG80C5l5&index=94
EP-064,MMM-Episoden,Episode 064: Baranoia,2007-08-02,DarthConan,http://wiki.maniac-mansion-mania.de/wiki/Baranoia,http://www.maniac-mansion-mania.com/index.php?option=com_docman&task=doc_download&gid=165,https://www.youtube.com/watch?v=tohRaqINLRQ&list=PLF3YnSazju8E_2kO3nKy7oloZHG80C5l5&index=95
EP-065,MMM-Episoden,Episode 065: Save Smiley!,2007-08-12,Rayman,http://wiki.maniac-mansion-mania.de/wiki/Save_Smiley!,http://www.maniac-mansion-mania.com/index.php?option=com_docman&task=doc_download&gid=166,https://www.youtube.com/watch?v=snesip3zroU&list=PLF3YnSazju8E_2kO3nKy7oloZHG80C5l5&index=96
EP-066,MMM-Episoden,Episode 066: Hoagies neuer Freund,2007-08-12,fireorange,http://wiki.maniac-mansion-mania.de/wiki/Hoagies_neuer_Freund,http://www.maniac-mansion-mania.com/index.php?option=com_docman&task=doc_download&gid=167,https://www.youtube.com/watch?v=narSZwtiN5A&list=PLF3YnSazju8E_2kO3nKy7oloZHG80C5l5&index=97
EP-067,MMM-Episoden,Episode 067: Die Schöne und das Biest,2007-10-13,Edison Interactive; Kruttan; MisterL; Bòógieman; dasJan; Rayman,http://wiki.maniac-mansion-mania.de/wiki/Die_Sch%C3%B6ne_und_das_Biest,http://www.maniac-mansion-mania.com/index.php?option=com_docman&task=doc_download&gid=175,https://www.youtube.com/watch?v=_kK-HJq97UU&list=PLF3YnSazju8E_2kO3nKy7oloZHG80C5l5&index=99
EP-068,MMM-Episoden,Episode 068: MaMMa ante Portas,2007-10-21,Fatal hoch zwei,http://wiki.maniac-mansion-mania.de/wiki/MaMMa_ante_Portas,http://www.maniac-mansion-mania.com/index.php?option=com_docman&task=doc_download&gid=176,https://www.youtube.com/watch?v=Na7BmiFk6N0&list=PLF3YnSazju8E_2kO3nKy7oloZHG80C5l5&index=100
EP-069,MMM-Episoden,Episode 069: Samstag,2007-10-24,Timer,http://wiki.maniac-mansion-mania.de/wiki/Samstag,http://www.maniac-mansion-mania.com/index.php?option=com_docman&task=doc_download&gid=185,https://www.youtube.com/watch?v=KEObsICOykQ&list=PLF3YnSazju8E_2kO3nKy7oloZHG80C5l5&index=101
EP-070,MMM-Episoden,Episode 070: Maniac Mansion Begins,2007-10-28,MisterL,http://wiki.maniac-mansion-mania.de/wiki/Maniac_Mansion_Begins,http://www.maniac-mansion-mania.com/index.php?option=com_docman&task=doc_download&gid=187,https://www.youtube.com/watch?v=DiApXKVudOM&list=PLF3YnSazju8E_2kO3nKy7oloZHG80C5l5&index=102
EP-071,MMM-Episoden,Episode 071: Neue Abenteuer auf Terra,2007-10-31,Bissiger Witzbold,http://wiki.maniac-mansion-mania.de/wiki/Neue_Abenteuer_auf_Terra,http://www.maniac-mansion-mania.com/index.php?option=com_docman&task=doc_download&gid=188,https://www.youtube.com/watch?v=dewSFWZSJYg&list=PLF3YnSazju8E_2kO3nKy7oloZHG80C5l5&index=104
EP-072,MMM-Episoden,Episode 072: Mindbending TV,2008-06-15,fireorange,http://wiki.maniac-mansion-mania.de/wiki/Mindbending_TV,http://www.maniac-mansion-mania.com/index.php?option=com_docman&task=doc_download&gid=287,https://www.youtube.com/watch?v=rtbghs_s90U&list=PLF3YnSazju8E_2kO3nKy7oloZHG80C5l5&index=105
EP-073,MMM-Episoden,Episode 073: Even a broken clock,2008-09-17,1mal_volltanken,http://wiki.maniac-mansion-mania.de/wiki/Even_a_broken_clock,http://www.maniac-mansion-mania.com/index.php?option=com_docman&task=doc_download&gid=296,https://www.youtube.com/watch?v=Aabp_C8y5DI&list=PLF3YnSazju8E_2kO3nKy7oloZHG80C5l5&index=106
EP-074,MMM-Episoden,Episode 074: Ted Edison and the Curse of King Rooten Tooten,2008-10-18,MisterL,http://wiki.maniac-mansion-mania.de/wiki/Ted_Edison_and_the_Curse_of_King_RootenTooten,http://www.maniac-mansion-mania.com/index.php?option=com_docman&task=doc_download&gid=297,https://www.youtube.com/watch?v=tgj9t4-zmmI&list=PLF3YnSazju8E_2kO3nKy7oloZHG80C5l5&index=107
EP-075,MMM-Episoden,Episode 075: Das Necronomicon,2008-12-12,Larry Wolf,http://wiki.maniac-mansion-mania.de/wiki/Das_Necronomicon,http://www.maniac-mansion-mania.com/index.php?option=com_docman&task=doc_download&gid=301,https://www.youtube.com/watch?v=9QW5puUvA2A&list=PLF3YnSazju8E_2kO3nKy7oloZHG80C5l5&index=108
EP-076,MMM-Episoden,Episode 076: The Bernoulli-Show,2009-07-10,chamäleon,http://wiki.maniac-mansion-mania.de/wiki/The_Bernoulli-Show,http://www.maniac-mansion-mania.com/index.php?option=com_docman&task=doc_download&gid=330,https://www.youtube.com/watch?v=cpECJzkBemA&list=PLF3YnSazju8E_2kO3nKy7oloZHG80C5l5&index=109
EP-077,MMM-Episoden,Episode 077: Schwer verquer,2009-08-05,FrasierCrane,http://wiki.maniac-mansion-mania.de/wiki/Schwer_verquer,http://www.maniac-mansion-mania.com/index.php?option=com_docman&task=doc_download&gid=331,https://www.youtube.com/watch?v=MHdXD6o6fME&list=PLF3YnSazju8E_2kO3nKy7oloZHG80C5l5&index=110
EP-078,MMM-Episoden,Episode 078: Dumm geholfen,2009-10-01,Fatal hoch zwei,http://wiki.maniac-mansion-mania.de/wiki/Dumm_geholfen,http://www.maniac-mansion-mania.com/index.php?option=com_docman&task=doc_download&gid=336,https://www.youtube.com/watch?v=c6D-XUvBWGA&list=PLF3YnSazju8E_2kO3nKy7oloZHG80C5l5&index=112
EP-079,MMM-Episoden,Episode 079: Der Wunsch-O-Mat,2010-08-22,Siel,http://wiki.maniac-mansion-mania.de/wiki/Der_Wunsch-O-Mat,http://www.maniac-mansion-mania.com/index.php?option=com_docman&task=doc_download&gid=356,https://www.youtube.com/watch?v=2WrMdPK1DtA&list=PLF3YnSazju8E_2kO3nKy7oloZHG80C5l5&index=113
EP-080,MMM-Episoden,Episode 080: Spiel des Lebens,2011-01-06,JPJF,http://wiki.maniac-mansion-mania.de/wiki/Spiel_des_Lebens,http://www.maniac-mansion-mania.com/index.php?option=com_docman&task=doc_download&gid=366,https://www.youtube.com/watch?v=WCP6YiR1AyY&list=PLF3YnSazju8E_2kO3nKy7oloZHG80C5l5&index=114
EP-081,MMM-Episoden,Episode 081: Bernard bricht aus!,2011-02-18,JPJF,http://wiki.maniac-mansion-mania.de/wiki/Bernard_bricht_aus,http://www.maniac-mansion-mania.com/index.php?option=com_docman&task=doc_download&gid=369,https://www.youtube.com/watch?v=6FSldSPAH7g&list=PLF3YnSazju8E_2kO3nKy7oloZHG80C5l5&index=116
EP-082,MMM-Episoden,Episode 082: Freundin mit Hindernissen,2011-04-01,JPJF,http://wiki.maniac-mansion-mania.de/wiki/Freundin_mit_Hindernissen,http://www.maniac-mansion-mania.com/index.php?option=com_docman&task=doc_download&gid=372,https://www.youtube.com/watch?v=b9GViZptzMU&list=PLF3YnSazju8E_2kO3nKy7oloZHG80C5l5&index=117
EP-083,MMM-Episoden,Episode 083: Chasing Hoagie,2011-05-31,mukk,http://wiki.maniac-mansion-mania.de/wiki/Chasing_Hoagie,http://www.maniac-mansion-mania.com/index.php?option=com_docman&task=doc_download&gid=375,https://www.youtube.com/watch?v=SlMhBUbriQA&list=PLF3YnSazju8E_2kO3nKy7oloZHG80C5l5&index=118
EP-084,MMM-Episoden,Episode 084: Surf'n'Ronville,2011-06-05,ZAK,http://wiki.maniac-mansion-mania.de/wiki/Surf%22n%22Ronville,http://www.maniac-mansion-mania.com/index.php?option=com_docman&task=doc_download&gid=376,https://www.youtube.com/watch?v=NmNSF41C45g&list=PLF3YnSazju8E_2kO3nKy7oloZHG80C5l5&index=119
EP-085,MMM-Episoden,Episode 085: Freundin mit Hindernissen - Part 2,2011-07-08,JPJF,http://wiki.maniac-mansion-mania.de/wiki/Freundin_mit_Hindernissen_Part_2,http://www.maniac-mansion-mania.com/index.php?option=com_docman&task=doc_download&gid=377,https://www.youtube.com/watch?v=KJt8HV1yOfs&list=PLF3YnSazju8E_2kO3nKy7oloZHG80C5l5&index=121
EP-086,MMM-Episoden,Episode 086: Bernard bekommt Besuch,2011-08-19,Panniban,http://wiki.maniac-mansion-mania.de/wiki/Bernard_bekommt_Besuch,http://www.maniac-mansion-mania.com/index.php/de/component/docman/?task=doc_download&gid=378,https://www.youtube.com/watch?v=o0OV8jW2ArA&list=PLF3YnSazju8E_2kO3nKy7oloZHG80C5l5&index=122
EP-087,MMM-Episoden,Episode 087: Das Geheimnis des Blakes Hotel von Ronville,2011-09-24,ZAK,http://wiki.maniac-mansion-mania.de/wiki/Das_Geheimnis_des_Blakes_Hotel,http://www.maniac-mansion-mania.com/index.php/de/component/docman/?task=doc_download&gid=379,https://www.youtube.com/watch?v=xQBkBtvO5bw&list=PLF3YnSazju8E_2kO3nKy7oloZHG80C5l5&index=123
EP-088,MMM-Episoden,Episode 088: Der alltägliche Wahnsinn,2012-10-28,JPJF,http://wiki.maniac-mansion-mania.de/wiki/Der_allt%C3%A4gliche_Wahnsinn,http://www.maniac-mansion-mania.com/index.php/de/ressourcen/downloads.html?task=doc_download&gid=391,https://www.youtube.com/watch?v=u4z3Yv4Arf8&list=PLF3YnSazju8E_2kO3nKy7oloZHG80C5l5&index=124
EP-089,MMM-Episoden,Episode 089: Der Weltrettungsalgorithmus - Die neue Version,2013-03-17,Kiwa,http://wiki.maniac-mansion-mania.de/wiki/Der_Weltrettungsalgorithmus,http://www.maniac-mansion-mania.com/index.php/de/ressourcen/downloads/doc_download/393-episode-89.html,https://www.youtube.com/watch?v=7aQaNgaZeFM&list=PLF3YnSazju8E_2kO3nKy7oloZHG80C5l5&index=125
EP-090,MMM-Episoden,Episode 090: Kofferpacken,2014-11-23,Cmdr,http://wiki.maniac-mansion-mania.de/wiki/Kofferpacken,http://www.maniac-mansion-mania.com/index.php/de/ressourcen/downloads.html?task=doc_download&gid=404,https://www.youtube.com/watch?v=bCUGkja5sTI&list=PLF3YnSazju8E_2kO3nKy7oloZHG80C5l5&index=126
EP-091,MMM-Episoden,Episode 091: Fels in der Brandung,2015-01-09,MalleTheRedPhoenix,http://wiki.maniac-mansion-mania.de/wiki/Fels_in_der_Brandung,http://www.maniac-mansion-mania.com/index.php/de/ressourcen/downloads.html?task=doc_download&gid=406,https://www.youtube.com/watch?v=QVEKv-QO64o&list=PLF3YnSazju8E_2kO3nKy7oloZHG80C5l5&index=129
EP-092,MMM-Episoden,Episode 092: Projekt False Start,2015-03-08,BlueCrystal,http://wiki.maniac-mansion-mania.de/wiki/Project_False_Start,http://www.maniac-mansion-mania.com/index.php/de/ressourcen/downloads.html?task=doc_download&gid=408,https://www.youtube.com/watch?v=d7v2CNUq8z8&list=PLF3YnSazju8E_2kO3nKy7oloZHG80C5l5&index=130
EP-093,MMM-Episoden,Episode 093: Murder at the Moonshine Mansion,2015-03-30,MisterL,http://wiki.maniac-mansion-mania.de/wiki/Murder_at_the_Moonshine_Mansion,http://www.maniac-mansion-mania.com/index.php/de/ressourcen/downloads/doc_download/409-episode-93.html,https://www.youtube.com/watch?v=Kzix7wNcdxA&list=PLF3YnSazju8E_2kO3nKy7oloZHG80C5l5&index=131
EP-094,MMM-Episoden,Episode 094: Maniac on the Mississippi,2015-11-13,Elvis,http://wiki.maniac-mansion-mania.de/wiki/Maniac_on_the_Mississippi,http://www.maniac-mansion-mania.com/index.php/de/spiele/episoden/staffel-10/1023-episode-94-murder-at-the-mississippi.html,https://www.youtube.com/watch?v=dlYt7GmGrrc&list=PLF3YnSazju8E_2kO3nKy7oloZHG80C5l5&index=132
EP-095,MMM-Episoden,Episode 095: Britney's Escape,2016-09-12,Liz; JPS,http://wiki.maniac-mansion-mania.de/wiki/Britney's_Flucht,http://www.maniac-mansion-mania.com/index.php/de/spiele/episoden/staffel-10/1045-episode-95-britney-s-escape.html,https://www.youtube.com/watch?v=Hi6Oh0PziZs&list=PLF3YnSazju8E_2kO3nKy7oloZHG80C5l5&index=133
EP-096,MMM-Episoden,Episode 096: Dave's Home Odyssey,2017-11-11,Kinkilla,http://wiki.maniac-mansion-mania.de/wiki/Dave's_Home_Odyssey,http://www.maniac-mansion-mania.com/index.php/de/component/docman/?task=doc_download&gid=428,https://www.youtube.com/watch?v=Din0jBLxSss&list=PLF3YnSazju8E_2kO3nKy7oloZHG80C5l5&index=136
EP-097,MMM-Episoden,Episode 097: Tollhaus Weihnachten,2017-12-24,Fatal hoch zwei,http://wiki.maniac-mansion-mania.de/wiki/Tollhaus_Weihnachten,http://www.maniac-mansion-mania.com/index.php/de/component/docman/?task=doc_download&gid=429,https://www.youtube.com/watch?v=_Vtaxnjl8EQ&list=PLF3YnSazju8E_2kO3nKy7oloZHG80C5l5&index=137
EP-098,MMM-Episoden,Episode 098: Maniac Apartment,2018-02-14,Magic Productions (Viktor Höchtl); Kinkilla,http://wiki.maniac-mansion-mania.de/wiki/Maniac_Apartment,http://www.maniac-mansion-mania.com/index.php/de/spiele/episoden/staffel-10/1078-episode-98-maniac-apartment.html,https://www.youtube.com/watch?v=lbVn9PHj_ts&list=PLF3YnSazju8E_2kO3nKy7oloZHG80C5l5&index=138
EP-099,MMM-Episoden,Episode 099: Die Premiere,2018-02-20,Kaktus,http://wiki.maniac-mansion-mania.de/wiki/Die_Premiere,https://www.maniac-mansion-mania.com/index.php/de/spiele/episoden/staffel-10/1080-episode-99-die-premiere.html,https://www.youtube.com/watch?v=h9zA4iu10Lk&list=PLF3YnSazju8E_2kO3nKy7oloZHG80C5l5&index=140
EP-100,MMM-Episoden,Episode 100: Money Mansion,2019-09-30,Cmdr,http://wiki.maniac-mansion-mania.de/wiki/Money_Mansion,https://www.maniac-mansion-mania.com/index.php/de/spiele/episoden/staffel-10/1096-episode-100-money-mansion.html,https://www.youtube.com/watch?v=_5u8kOAXobg&list=PLF3YnSazju8E_2kO3nKy7oloZHG80C5l5&index=141
EP-101,MMM-Episoden,Episode 101: Mit anderen Augen,2023-01-09,alphawolf300,http://wiki.maniac-mansion-mania.de/wiki/Mit_anderen_Augen,https://maniac-mansion-mania.com/index.php/de/spiele/episoden/staffel-11/1118-episode-101-mit-anderen-augen.html,https://www.youtube.com/watch?v=FmFZMhUqz0o&list=PLF3YnSazju8E_2kO3nKy7oloZHG80C5l5&index=143
EP-102,MMM-Episoden,Episode 102: Michaels Nacht,2025-01-18,alphawolf300,http://wiki.maniac-mansion-mania.de/wiki/Michaels_Nacht,https://www.maniac-mansion-mania.com/index.php/de/spiele/episoden/staffel-11/1143-episode-102-michaels-nacht.html,https://www.youtube.com/watch?v=XCRXqR2PdCU&list=PLF3YnSazju8E_2kO3nKy7oloZHG80C5l5&index=144
XS-001,Mini Masterpieces,MMMMM #1: Eds Paket,2015-07-05,Kiwa,http://wiki.maniac-mansion-mania.de/wiki/Eds_Paket,https://www.maniac-mansion-mania.com/index.php?option=com_docman&task=doc_download&gid=412,https://www.youtube.com/watch?v=ISGQ2_KrvT8&list=PLF3YnSazju8E6vEfW_2HpdS-EvYo8dL01&index=2&pp=iAQB
XS-002,Mini Masterpieces,MMMMM #2: Wendy im finsteren Keller (Version 2.0),2015-07-05,fireorange,http://wiki.maniac-mansion-mania.de/wiki/Wendy_im_finsteren_Keller,http://www.maniac-mansion-mania.com/index.php/de/spiele/mini-episoden/413-mmmmm-2.html,https://www.youtube.com/watch?v=Tln5zAj7XjY&list=PLF3YnSazju8E6vEfW_2HpdS-EvYo8dL01&index=9&pp=iAQB
XS-003,Mini Masterpieces,MMMMM #3: Harrys verwegener Tag,,,,,https://www.youtube.com/watch?v=6-8QJBc7-w0&list=PLF3YnSazju8E6vEfW_2HpdS-EvYo8dL01&index=5&pp=iAQB0gcJCQMLAYcqIYzv
XS-004,Mini Masterpieces,MMMMM #4: Bertholds Rückkehr,2020-04-16,Cone Arex,http://wiki.maniac-mansion-mania.de/wiki/Bertholds_R%C3%BCckkehr,https://www.maniac-mansion-mania.com/index.php/de/spiele/mini-episoden/448-mmmmm-4-bertholds-rueckkehr/file.html,https://www.youtube.com/watch?v=VrmXieaaa9I&list=PLF3YnSazju8E6vEfW_2HpdS-EvYo8dL01&index=6&pp=iAQB
XS-005,Mini Masterpieces,MMMMM #5: Marcys Bestimmung,2020-05-03,fireorange,http://wiki.maniac-mansion-mania.de/wiki/Marcys_Bestimmung,https://www.maniac-mansion-mania.com/index.php?option=com_docman&task=doc_download&gid=449,https://www.youtube.com/watch?v=Y-d9sFD7QcY&list=PLF3YnSazju8E6vEfW_2HpdS-EvYo8dL01&index=8&pp=iAQB
MD-001,Maniac Dungeon,Raum 01: The great Escape from Maniac Dungeon,2006-11-13,Rayman; MisterL,http://wiki.maniac-mansion-mania.de/wiki/The_great_Escape_from_Maniac_Dungeon,http://www.maniac-mansion-mania.com/index.php?option=com_docman&task=doc_download&gid=70,https://www.youtube.com/watch?v=FouMxpS91yc&list=PLF3YnSazju8E0A-CEFAJHF-YLPfltjCcs&index=1
MD-002,Maniac Dungeon,Raum 02: Der Bunker,2006-11-16,MalleTheRedPhoenix,http://wiki.maniac-mansion-mania.de/wiki/Der_Bunker,http://www.maniac-mansion-mania.com/index.php?option=com_docman&task=doc_download&gid=71,https://www.youtube.com/watch?v=kjO-ofeg46Y&list=PLF3YnSazju8E0A-CEFAJHF-YLPfltjCcs&index=2
MD-003,Maniac Dungeon,Raum 03: Der Verbindungstunnel,2006-11-23,Nall-chan,http://wiki.maniac-mansion-mania.de/wiki/Der_Verbindungstunnel,http://www.maniac-mansion-mania.com/index.php?option=com_docman&task=doc_download&gid=72,https://www.youtube.com/watch?v=gZpEVukMkOY&list=PLF3YnSazju8E0A-CEFAJHF-YLPfltjCcs&index=3
MD-004,Maniac Dungeon,Raum 04: Die Grotte,2006-12-13,Kaktus,http://wiki.maniac-mansion-mania.de/wiki/Die_Grotte,http://www.maniac-mansion-mania.com/index.php?option=com_docman&task=doc_download&gid=73,https://www.youtube.com/watch?v=K9RCM4apA0U&list=PLF3YnSazju8E0A-CEFAJHF-YLPfltjCcs&index=4
MD-005,Maniac Dungeon,Raum 05: Tief unter der Erde,2007-01-15,Quallenfischer,http://wiki.maniac-mansion-mania.de/wiki/Tief_unter_der_Erde,http://www.maniac-mansion-mania.com/index.php?option=com_docman&task=doc_download&gid=74,https://www.youtube.com/watch?v=kgJpIao7PV4&list=PLF3YnSazju8E0A-CEFAJHF-YLPfltjCcs&index=5
MD-006,Maniac Dungeon,Raum 06: The Race,2009-02-13,Rocco,http://wiki.maniac-mansion-mania.de/wiki/The_Race,http://www.maniac-mansion-mania.com/index.php?option=com_docman&task=doc_download&gid=306,https://www.youtube.com/watch?v=1WAx42EF8rQ&list=PLF3YnSazju8E0A-CEFAJHF-YLPfltjCcs&index=6
MD-007,Maniac Dungeon,Raum 07: Das unheimliche Wesen aus einem fremden Raum,2007-04-15,fireorange,http://wiki.maniac-mansion-mania.de/wiki/Das_unheimliche_Wesen_aus_einem_fremden_Raum,http://www.maniac-mansion-mania.com/index.php?option=com_docman&task=doc_download&gid=144,https://www.youtube.com/watch?v=MclZq03DH5I&list=PLF3YnSazju8E0A-CEFAJHF-YLPfltjCcs&index=7
MD-008,Maniac Dungeon,Raum 08: Die Brücke,2007-04-18,Problem,http://wiki.maniac-mansion-mania.de/wiki/Die_Br%C3%BCcke,http://www.maniac-mansion-mania.com/index.php?option=com_docman&task=doc_download&gid=146,https://www.youtube.com/watch?v=6pnCcSwtV28&list=PLF3YnSazju8E0A-CEFAJHF-YLPfltjCcs&index=9
MD-009,Maniac Dungeon,"Raum 09: Und dann gab's wirklich, echt überhaupt gar keins mehr, ehrlich!",2007-04-22,MisterL,http://wiki.maniac-mansion-mania.de/wiki/Und_dann_gab%27s_wirklich_echt_%C3%BCberhaupt_gar_keins_mehr_ehrlich!,http://www.maniac-mansion-mania.com/index.php?option=com_docman&task=doc_download&gid=147,https://www.youtube.com/watch?v=pbrmNxePgAw&list=PLF3YnSazju8E0A-CEFAJHF-YLPfltjCcs&index=10
MD-010,Maniac Dungeon,Raum 10: Die neue Gefahr,2007-06-09,hansa_export,http://wiki.maniac-mansion-mania.de/wiki/Die_neue_Gefahr,http://www.maniac-mansion-mania.com/index.php?option=com_docman&task=doc_download&gid=154,https://www.youtube.com/watch?v=enFXBW_32Z8&list=PLF3YnSazju8E0A-CEFAJHF-YLPfltjCcs&index=11
MD-011,Maniac Dungeon,Raum 11: Die vergrabene Gruft,2008-03-09,Timer,http://wiki.maniac-mansion-mania.de/wiki/Die_vergrabene_Gruft,http://www.maniac-mansion-mania.com/index.php?option=com_docman&task=doc_download&gid=275,https://www.youtube.com/watch?v=qub3LG9fEV4&list=PLF3YnSazju8E0A-CEFAJHF-YLPfltjCcs&index=12
MD-012,Maniac Dungeon,Raum 12: Die Holozelle,2008-06-08,linus,http://wiki.maniac-mansion-mania.de/wiki/Die_Holozelle,http://www.maniac-mansion-mania.com/index.php?option=com_docman&task=doc_download&gid=286,https://www.youtube.com/watch?v=V4I92Enggzc&list=PLF3YnSazju8E0A-CEFAJHF-YLPfltjCcs&index=13
MD-013,Maniac Dungeon,Raum 13: Der Trockenraum,2008-07-01,Endres,http://wiki.maniac-mansion-mania.de/wiki/Der_Trockenraum,http://www.maniac-mansion-mania.com/index.php?option=com_docman&task=doc_download&gid=288,https://www.youtube.com/watch?v=OO6GHK_Js8U&list=PLF3YnSazju8E0A-CEFAJHF-YLPfltjCcs&index=14
MD-014,Maniac Dungeon,Raum 14: Vor der Tür,2008-08-31,eX,http://wiki.maniac-mansion-mania.de/wiki/Vor_der_T%C3%BCr,http://www.maniac-mansion-mania.com/index.php?option=com_docman&task=doc_download&gid=291,https://www.youtube.com/watch?v=fKts2B6BXIM&list=PLF3YnSazju8E0A-CEFAJHF-YLPfltjCcs&index=15
MD-015,Maniac Dungeon,Raum 15: Die unterirdische Kulturstätte,2009-08-10,fireorange,http://wiki.maniac-mansion-mania.de/wiki/Die_unterirdische_Kulturst%C3%A4tte,https://www.maniac-mansion-mania.com/index.php/en/component/docman/?task=doc_download&gid=334,https://www.youtube.com/watch?v=xihq32Djpa8&list=PLF3YnSazju8E0A-CEFAJHF-YLPfltjCcs&index=16
MD-016,Maniac Dungeon,Raum 16: Die U-Bahn-Station,2009-09-21,1mal_volltanken,http://wiki.maniac-mansion-mania.de/wiki/Die_U-Bahn-Station,https://www.maniac-mansion-mania.com/index.php/en/component/docman/?task=doc_download&gid=335,https://www.youtube.com/watch?v=rR6NejPkrVQ&list=PLF3YnSazju8E0A-CEFAJHF-YLPfltjCcs&index=17
MD-017,Maniac Dungeon,Raum 17: Wahnsinnsfahrt im Geisterzug,2009-12-03,1mal_volltanken,http://wiki.maniac-mansion-mania.de/wiki/Wahnsinnsfahrt_im_Geisterzug,https://www.maniac-mansion-mania.com/index.php/en/component/docman/?task=doc_download&gid=341,https://www.youtube.com/watch?v=hGyhEtX_oIM&list=PLF3YnSazju8E0A-CEFAJHF-YLPfltjCcs&index=18
MD-018,Maniac Dungeon,Raum 18: Die perfekte Welle,2009-12-03,fireorange,http://wiki.maniac-mansion-mania.de/wiki/Die_perfekte_Welle,https://www.maniac-mansion-mania.com/index.php/en/component/docman/?task=doc_download&gid=342,https://www.youtube.com/watch?v=m6jE66ejYyM&list=PLF3YnSazju8E0A-CEFAJHF-YLPfltjCcs&index=19
MD-019,Maniac Dungeon,Raum 19: Weihnachts-Edition,2009-12-24,ManiacTwister,http://wiki.maniac-mansion-mania.de/wiki/Weihnachts-Edition,http://www.maniac-mansion-mania.com/index.php?option=com_docman&task=doc_download&gid=345,https://www.youtube.com/watch?v=-lNiq6iA6o4&list=PLF3YnSazju8E0A-CEFAJHF-YLPfltjCcs&index=20
MD-020,Maniac Dungeon,Raum 20: Die Pharaonen-Grabkammer,2011-03-07,Rayman,http://wiki.maniac-mansion-mania.de/wiki/Die_Pharaonen-Grabkammer,http://www.maniac-mansion-mania.com/index.php?option=com_docman&task=doc_download&gid=371,https://www.youtube.com/watch?v=lzCVwE5dpnk&list=PLF3YnSazju8E0A-CEFAJHF-YLPfltjCcs&index=21
MD-021,Maniac Dungeon,Raum 21: Durch Raum (21) und Zeit,2014-09-24,Champ,http://wiki.maniac-mansion-mania.de/wiki/Durch_Raum_(21)_und_Zeit,https://maniac-mansion-mania.com/index.php/de/ressourcen/downloads.html?task=doc_download&gid=402,https://www.youtube.com/watch?v=0MHN9yWorM4&list=PLF3YnSazju8E0A-CEFAJHF-YLPfltjCcs&index=22
MD-022,Maniac Dungeon,Raum 22: Unter Affen,2024-09-05,Timo Walter,http://wiki.maniac-mansion-mania.de/wiki/Unter_Affen,https://maniac-mansion-mania.com/index.php/de/ressourcen/downloads.html?task=doc_download&gid=468,https://www.youtube.com/watch?v=fYvi0GwSg9w&list=PLF3YnSazju8E0A-CEFAJHF-YLPfltjCcs&index=23
MD-023,Maniac Dungeon,Raum 23: (R)ausgefallen,,,,,https://www.youtube.com/watch?v=c0wge2nTPig&list=PLF3YnSazju8E0A-CEFAJHF-YLPfltjCcs&index=24
HS-001,Halloween Specials,Episode H05-1: Halloween Special 2005,2005-10-31,ZENSIERT,http://wiki.maniac-mansion-mania.de/wiki/Ohne_Titel,http://www.maniac-mansion-mania.com/index.php?option=com_docman&task=doc_download&gid=59,https://www.youtube.com/watch?v=EuzmqTKkaYc&list=PLF3YnSazju8H4Rc-lY6Ccp3E8nz34OJuh&index=1&t=1106s&pp=iAQB
HS-002,Halloween Specials,Episode H05-2: Escape from Maniac Mansion,2005-10-31,MisterL,http://wiki.maniac-mansion-mania.de/wiki/Escape_from_Maniac_Mansion,http://www.maniac-mansion-mania.com/index.php?option=com_docman&task=doc_download&gid=60,https://www.youtube.com/watch?v=ODhlwBVXGjg&list=PLF3YnSazju8H4Rc-lY6Ccp3E8nz34OJuh&index=2&pp=iAQB
HS-003,Halloween Specials,Episode H05-3: Day of the Dead,2005-10-31,Bòógieman,http://wiki.maniac-mansion-mania.de/wiki/Day_of_the_Dead,http://www.maniac-mansion-mania.com/index.php?option=com_docman&task=doc_download&gid=61,https://www.youtube.com/watch?v=LGIIqhJmEOY&list=PLF3YnSazju8H4Rc-lY6Ccp3E8nz34OJuh&index=3&pp=iAQB
HS-004,Halloween Specials,Episode H05-4: MMM-HORROR,2005-10-31,ManiakFreak,http://wiki.maniac-mansion-mania.de/wiki/MMM-Horror,http://www.maniac-mansion-mania.com/index.php?option=com_docman&task=doc_download&gid=62,https://www.youtube.com/watch?v=oxyRiz37CV8&list=PLF3YnSazju8H4Rc-lY6Ccp3E8nz34OJuh&index=4&pp=iAQB
HS-005,Halloween Specials,Episode H05-5: REDRUM - Wer ist der Mörder,2005-10-31,Kate,http://wiki.maniac-mansion-mania.de/wiki/Redrum,http://www.maniac-mansion-mania.com/index.php?option=com_docman&task=doc_download&gid=63,https://www.youtube.com/watch?v=xHirXiHbKFo&list=PLF3YnSazju8H4Rc-lY6Ccp3E8nz34OJuh&index=5&pp=iAQB
HS-006,Halloween Specials,Episode H06-1: The Curse of Maniac Mansion,2006-10-31,Rayman,http://wiki.maniac-mansion-mania.de/wiki/The_Curse_of_Maniac_Mansion,http://www.maniac-mansion-mania.com/index.php?option=com_docman&task=doc_download&gid=64,https://www.youtube.com/watch?v=NpneJE8nH8g&list=PLF3YnSazju8H4Rc-lY6Ccp3E8nz34OJuh&index=6&pp=iAQB
HS-007,Halloween Specials,"Episode H06-2: Häää, ich glaub ich spinne!!!",2006-10-31,MisterL; Rocco,http://wiki.maniac-mansion-mania.de/wiki/H%C3%A4%3F_Ich_glaub'_ich_spinne!,http://www.maniac-mansion-mania.com/index.php?option=com_docman&task=doc_download&gid=65,https://www.youtube.com/watch?v=zNyaGxv2LHY&list=PLF3YnSazju8H4Rc-lY6Ccp3E8nz34OJuh&index=7&pp=iAQB
HS-008,Halloween Specials,Episode H10-1: Das Monster aus der Racoon Lagoon,2010-10-31,fireorange,http://wiki.maniac-mansion-mania.de/wiki/Das_Monster_aus_der_Racoon_Lagoon,http://www.maniac-mansion-mania.com/index.php?option=com_docman&task=doc_download&gid=359&Itemid=39,https://www.youtube.com/watch?v=IfDj58DcNZ0&list=PLF3YnSazju8H4Rc-lY6Ccp3E8nz34OJuh&index=8&pp=iAQB
HS-009,Halloween Specials,Episode H10-2: TMMCMFH,2010-11-12,Bòógieman,http://wiki.maniac-mansion-mania.de/wiki/TMMCMFH,http://www.maniac-mansion-mania.com/index.php?option=com_docman&task=doc_download&gid=360,https://www.youtube.com/watch?v=IphMZ4QfRGA&list=PLF3YnSazju8H4Rc-lY6Ccp3E8nz34OJuh&index=9&pp=iAQB
HS-010,Halloween Specials,Episode H10-3: Und Bernard läutet zur Geisterstunde,2010-11-21,WeirdEd strikes back,http://wiki.maniac-mansion-mania.de/wiki/Und_Bernard_l%C3%A4utet_zur_Geisterstunde,https://www.maniac-mansion-mania.com/index.php/en/component/docman/?task=doc_download&gid=362,https://www.youtube.com/watch?v=x5OXFQYaWMI&list=PLF3YnSazju8H4Rc-lY6Ccp3E8nz34OJuh&index=10&pp=iAQB
HS-011,Halloween Specials,Episode H10-4: Bad and Mad,2010-12-11,Rayman,http://wiki.maniac-mansion-mania.de/wiki/Bad_and_Mad,http://www.maniac-mansion-mania.com/index.php?option=com_docman&task=doc_download&gid=363,https://www.youtube.com/watch?v=YoqFxudlD_0&list=PLF3YnSazju8H4Rc-lY6Ccp3E8nz34OJuh&index=11&pp=iAQB
HS-012,Halloween Specials,Episode H11-1: Man stirbt nur zweimal,,,,,https://www.youtube.com/watch?v=DJXbsC3cxKg&list=PLF3YnSazju8H4Rc-lY6Ccp3E8nz34OJuh&index=12&pp=iAQB
HL-001,Halloween Specials,Ronville Viper,,,http://wiki.maniac-mansion-mania.de/wiki/Ronville_Viper,,https://www.youtube.com/watch?v=SPs5zjBAfPk&list=PLF3YnSazju8H4Rc-lY6Ccp3E8nz34OJuh&index=18&pp=iAQB
XC-001,Christmas Specials,#01: A Xmas-Odysee,2008-12-11,LilaQ,http://wiki.maniac-mansion-mania.de/wiki/A_Christmas_Odyssey,http://www.maniac-mansion-mania.com/index.php?option=com_docman&task=doc_download&gid=302,https://www.youtube.com/watch?v=4cK6vDC9osE&list=PLF3YnSazju8H4Rc-lY6Ccp3E8nz34OJuh&index=16&pp=iAQB
XC-002,Christmas Specials,#02: Three Days Before Christmas,2015-12-21,fireorange,http://wiki.maniac-mansion-mania.de/wiki/Three_Days_Before_Christmas,http://www.maniac-mansion-mania.com/index.php/de/ressourcen/downloads/episoden/specials/417-x-mas-2015/file.html,https://www.youtube.com/watch?v=ucCHaz7i7QI&list=PLF3YnSazju8H4Rc-lY6Ccp3E8nz34OJuh&index=17&pp=iAQB
MH-001,Meteorhead Series,#01: Meteorhead,Created on 12 June 2007.,Rocco,,https://www.maniac-mansion-mania.com/index.php/en/component/docman/?task=doc_download&gid=155,https://www.youtube.com/watch?v=BjeKRF3ck6w&list=PLF3YnSazju8EctrcVvL-wLq8KhcVgAzM9&index=1&pp=iAQB
MH-002,Meteorhead Series,#02: Meteorhead 2: Return of an idiot,Created on 15 July 2007.,fireorange,,https://www.maniac-mansion-mania.com/index.php/en/component/docman/?task=doc_download&gid=159,https://www.youtube.com/watch?v=laa6cOeSpQM&list=PLF3YnSazju8EctrcVvL-wLq8KhcVgAzM9&index=2&pp=iAQB
MH-003,Meteorhead Series,#03: Meteorhead III: All ways 1337 to Rome,Created on 17 July 2007.,fireorange,,https://www.maniac-mansion-mania.com/index.php/en/component/docman/?task=doc_download&gid=160,https://www.youtube.com/watch?v=Ba22RAgdrDE&list=PLF3YnSazju8EctrcVvL-wLq8KhcVgAzM9&index=3&pp=iAQB
MH-004,Meteorhead Series,#04: Meteorhead IV: Forgotten Memories,Created on 17 July 2007.,fireorange,,https://www.maniac-mansion-mania.com/index.php/en/component/docman/?task=doc_download&gid=161,https://www.youtube.com/watch?v=xhwFh4l3z0Y&list=PLF3YnSazju8EctrcVvL-wLq8KhcVgAzM9&index=4&pp=iAQB
MH-005,Meteorhead Series,#05: Meteorhead V: Die Universalkraft,Created on 04 October 2007.,fireorange,,https://www.maniac-mansion-mania.com/index.php/en/component/docman/?task=doc_download&gid=174,https://www.youtube.com/watch?v=eIEEZFnHCBE&list=PLF3YnSazju8EctrcVvL-wLq8KhcVgAzM9&index=5&pp=iAQB
MH-006,Meteorhead Series,#06: Meteorhead VI: Verbannt ins Exühl,Created on 27 October 2007.,Fatal hoch zwei,,https://www.maniac-mansion-mania.com/index.php/en/component/docman/?task=doc_download&gid=186,https://www.youtube.com/watch?v=Gr88olw_ElU&list=PLF3YnSazju8EctrcVvL-wLq8KhcVgAzM9&index=6&pp=iAQB
MH-007,Meteorhead Series,#07: Meteorhead Man und Peter Pommes retten die Fast Food-Industrie,Created on 07 December 2007.,DarthConan,,https://www.maniac-mansion-mania.com/index.php/en/component/docman/?task=doc_download&gid=190,https://www.youtube.com/watch?v=WGWUwVwu8fE&list=PLF3YnSazju8EctrcVvL-wLq8KhcVgAzM9&index=7&pp=iAQB
MH-008,Meteorhead Series,#08: Meteorhead VIII: Rettet Meteorhead Man,Created on 05 January 2008.,DarthConan,,https://www.maniac-mansion-mania.com/index.php/en/component/docman/?task=doc_download&gid=192,https://www.youtube.com/watch?v=L0sSgG6xegM&list=PLF3YnSazju8EctrcVvL-wLq8KhcVgAzM9&index=8&pp=iAQB
MH-009,Meteorhead Series,#09: Meteorhead IX: Razors Mutation,Created on 23 March 2008.,fireorange,,https://www.maniac-mansion-mania.com/index.php/en/component/docman/?task=doc_download&gid=277,https://www.youtube.com/watch?v=evSNfNjqkqk&list=PLF3YnSazju8EctrcVvL-wLq8KhcVgAzM9&index=9&t=14s&pp=iAQB
MH-010,Meteorhead Series,#10: Meteorhead X: Eine Frage der Ausrede,Created on 06 April 2008.,fireorange,,https://www.maniac-mansion-mania.com/index.php/en/component/docman/?task=doc_download&gid=279,https://www.youtube.com/watch?v=JwTVM1PUJhw&list=PLF3YnSazju8EctrcVvL-wLq8KhcVgAzM9&index=10&pp=iAQB
MH-011,Meteorhead Series,#11: Meteorhead XI: Die Klauung des güldenen Headgars,Created on 21 April 2008.,fireorange,,https://www.maniac-mansion-mania.com/index.php/en/component/docman/?task=doc_download&gid=281,https://www.youtube.com/watch?v=gT1OTcDlzWk&list=PLF3YnSazju8EctrcVvL-wLq8KhcVgAzM9&index=11&pp=iAQB
MH-012,Meteorhead Series,#12: [UNRELEASED] Meteorhead XII: Krieg der Honkianer,,Cone Arex,,,https://www.youtube.com/watch?v=n0cDOhcJ7mQ&list=PLF3YnSazju8E-sGCq4OJns68G1xHHb4Y-&index=23
MH-013,Meteorhead Series,#13: Meteorhead XIII: Universale Veränderungen,Created on 18 October 2012.,fireorange,,https://www.maniac-mansion-mania.com/index.php/en/resources-mainmenu-76/downloads.html?task=doc_download&gid=390,https://www.youtube.com/watch?v=6s-0RtsaF4A&list=PLF3YnSazju8EctrcVvL-wLq8KhcVgAzM9&index=12&pp=iAQB0gcJCQQLAYcqIYzv
MH-014,Meteorhead Series,#14: Meteorhead XIV: A Road Movie,Created on 31 August 2013.,BlueGryphon,,https://www.maniac-mansion-mania.com/index.php/en/resources-mainmenu-76/downloads.html?task=doc_download&gid=394,https://www.youtube.com/watch?v=Xqe2SpD0Mco&list=PLF3YnSazju8EctrcVvL-wLq8KhcVgAzM9&index=13&pp=iAQB
MH-015,Meteorhead Series,#15: Meteorhead: Die unverträgliche Dreistigkeit des Schweins,Created on 16 October 2017.,fireorange,,https://www.maniac-mansion-mania.com/index.php/en/component/docman/?task=doc_download&gid=427,https://www.youtube.com/watch?v=yrxkZ9e_cp0&list=PLF3YnSazju8EctrcVvL-wLq8KhcVgAzM9&index=14&pp=iAQB
MH-016,Meteorhead Series,#16: Meteorhead: The Final Chapter - Die Qual des Wals,Created on 24 December 2017.,fireorange,,https://www.maniac-mansion-mania.com/index.php/en/component/docman/?task=doc_download&gid=430,https://www.youtube.com/watch?v=q1h9CP7AfC0&list=PLF3YnSazju8EctrcVvL-wLq8KhcVgAzM9&index=15&pp=iAQB
FG-001,Fan Games,LeChuck Stories,(wrong) Created on 30 March 2007.,MisterL,,https://www.maniac-mansion-mania.com/index.php/en/component/docman/?task=doc_download&gid=93,https://www.youtube.com/watch?v=yA5xkCifIak
FG-002,Fan Games,Maniac Manison Deluxe 1.3 (veraltet),(wrong) Created on 30 March 2007.,LucasFan,,https://www.maniac-mansion-mania.com/index.php/en/component/docman/?task=doc_download&gid=97,https://www.youtube.com/watch?v=u94DXXHVm18
FG-003,Fan Games,Murder in a wheel,(wrong) Created on 30 March 2007.,Eshaktaar,,https://www.maniac-mansion-mania.com/index.php/en/component/docman/?task=doc_download&gid=98,https://www.youtube.com/watch?v=e8kJEupWePk
FG-004,Fan Games,Cedric and the Revolution,(wrong) Created on 30 March 2007.,Bernie,,https://www.maniac-mansion-mania.com/index.php/en/component/docman/?task=doc_download&gid=94,https://www.youtube.com/watch?v=sDE6yjGhVNI
FG-005,Fan Games,Lucas Maniac!,(wrong) Created on 30 March 2007.,Marion Poinsot,,https://www.maniac-mansion-mania.com/index.php/en/component/docman/?task=doc_download&gid=96,https://www.youtube.com/watch?v=ygnSqxxc-7s
FG-006,Fan Games,Die neuen Abenteuer des Zak McKracken,2002,LucasFan,,https://www.maniac-mansion-mania.com/index.php/en/component/docman/?task=doc_download&gid=95,https://www.youtube.com/watch?v=QVJwrtmeLuk
FG-007,Fan Games,IWWHIIWWHITOMIROTPG: The Game!,Created on 02 December 2009.,monkey_05_06,,https://www.maniac-mansion-mania.com/index.php/en/component/docman/?task=doc_download&gid=340,https://www.youtube.com/watch?v=cSbYMBABPOo
FG-008,Fan Games,Der neue Wahnsinn der Familie Herfurth,Created on 11 September 2014.,JPJF,,https://www.maniac-mansion-mania.com/index.php/en/resources-mainmenu-76/downloads.html?task=doc_download&gid=399,https://www.youtube.com/watch?v=k4Mou1aJDhg&list=PLF3YnSazju8H4Rc-lY6Ccp3E8nz34OJuh&index=33&pp=iAQB
FG-009,Fan Games,The Tale of Lonkey Island,Created on 19 October 2016.,Cmdr,,https://www.maniac-mansion-mania.com/index.php/en/resources-mainmenu-76/downloads.html?task=doc_download&gid=423,https://www.youtube.com/watch?v=ARx8ltXCq78
FG-010,Fan Games,Das Niemandsland,Created on 03 December 2016.,JPJF,,https://www.maniac-mansion-mania.com/index.php/en/resources-mainmenu-76/downloads.html?task=doc_download&gid=424,https://www.youtube.com/watch?v=sfeMh-l01G8&list=PLF3YnSazju8H4Rc-lY6Ccp3E8nz34OJuh&index=34&pp=iAQB
FG-011,Fan Games,Maniac Metalhead Mania,Created on 01 November 2020.,JPJF,,https://www.maniac-mansion-mania.com/index.php/en/resources-mainmenu-76/downloads.html?task=doc_download&gid=452 (wrong),https://www.youtube.com/watch?v=gJrrCh95o1c&list=PLF3YnSazju8HuHX3V4SNjDV_JGZ684Hnl&index=1&pp=iAQB
FG-012,Fan Games,Maniac Metalhead Mania II,Created on 01 April 2022.,JPJF,,https://www.maniac-mansion-mania.com/index.php/en/resources-mainmenu-76/downloads.html?task=doc_download&gid=452,https://www.youtube.com/watch?v=2ibZz4BQm7Q&list=PLF3YnSazju8HuHX3V4SNjDV_JGZ684Hnl&index=2&pp=iAQB
FM-001,Fan Movies,Doktor in da House,Created on 17 April 2007.,MisterL,,https://www.maniac-mansion-mania.com/index.php/en/component/docman/?task=doc_download&gid=109,https://www.youtube.com/watch?v=7z179jOTrvc&list=PLF3YnSazju8H4Rc-lY6Ccp3E8nz34OJuh&index=25&pp=iAQB
FM-002,Fan Movies,Doktor in da House II,Created on 17 April 2007.,MalleTheRedPhoenix,,https://www.maniac-mansion-mania.com/index.php/en/component/docman/?task=doc_download&gid=110,https://www.youtube.com/watch?v=-qcwJBiE9cc&list=PLF3YnSazju8H4Rc-lY6Ccp3E8nz34OJuh&index=26&pp=iAQB0gcJCQQLAYcqIYzv
FM-003,Fan Movies,Kochen mit Fred und Ed,Created on 17 April 2007.,Agent Cat,,https://www.maniac-mansion-mania.com/index.php/en/component/docman/?task=doc_download&gid=111,https://www.youtube.com/watch?v=HJtJwHHjz4A&list=PLF3YnSazju8H4Rc-lY6Ccp3E8nz34OJuh&index=28&pp=iAQB
FM-004,Fan Movies,The new president,Created on 15 July 2007.,DarthConan,,https://www.maniac-mansion-mania.com/index.php/en/component/docman/?task=doc_download&gid=158,https://www.youtube.com/watch?v=JboUdrXW7ro&list=PLF3YnSazju8H4Rc-lY6Ccp3E8nz34OJuh&index=29&pp=iAQB
FM-005,Fan Movies,Doktor in da House III,Created on 13 May 2008.,MalleTheRedPhoenix,,https://www.maniac-mansion-mania.com/index.php/en/component/docman/?task=doc_download&gid=282,https://www.youtube.com/watch?v=7HRK22sS26o&list=PLF3YnSazju8H4Rc-lY6Ccp3E8nz34OJuh&index=27&pp=iAQB
FM-007,Fan Movies,5th Maniac Birthday - Der Film,Created on 11 March 2010.,Bòógieman,,https://www.maniac-mansion-mania.com/index.php/en/component/docman/?task=doc_download&gid=349,https://www.youtube.com/watch?v=akeXSZwW9DE&list=PLF3YnSazju8H4Rc-lY6Ccp3E8nz34OJuh&index=24
FM-008,Fan Movies,Silvester 2011 - Dinner for one,Created on 02 January 2012.,Endres,,https://www.maniac-mansion-mania.com/index.php/en/resources-mainmenu-76/downloads.html?task=doc_download&gid=381,https://www.youtube.com/watch?v=T-9EEfNAd0E&list=PLF3YnSazju8H4Rc-lY6Ccp3E8nz34OJuh&index=30&pp=iAQB
